<?xml version="1.0" encoding="UTF-8"?>
<project-private xmlns="http://www.netbeans.org/ns/project-private/1">
    <editor-bookmarks xmlns="http://www.netbeans.org/ns/editor-bookmarks/2" lastBookmarkId="0"/>
    <open-files xmlns="http://www.netbeans.org/ns/projectui-open-files/2">
        <group>
            <file>file:/C:/Kevin/MIGRATION/Recent%20Activity/S4_DISPROG/Project_UAS/TicketApp_Server/src/java/com/TicketApp/model/Purchase.java</file>
            <file>file:/C:/Kevin/MIGRATION/Recent%20Activity/S4_DISPROG/Project_UAS/TicketApp_Server/src/java/com/TicketApp/model/User.java</file>
            <file>file:/C:/Kevin/MIGRATION/Recent%20Activity/S4_DISPROG/Project_UAS/TicketApp_Server/src/java/com/TicketApp/model/Ticket.java</file>
            <file>file:/C:/Kevin/MIGRATION/Recent%20Activity/S4_DISPROG/Project_UAS/TicketApp_Server/src/java/com/TicketApp/model/Notification.java</file>
        </group>
    </open-files>
</project-private>
